Series Name,Series Code,Country Name,Country Code,1990 [YR1990],2000 [YR2000],2015 [YR2015],2016 [YR2016],2017 [YR2017],2018 [YR2018],2019 [YR2019],2020 [YR2020],2021 [YR2021],2022 [YR2022],2023 [YR2023],2024 [YR2024]
"Government expenditure on education, total (% of GDP)",SE.XPD.TOTL.GD.ZS,Afghanistan,AFG,..,..,3.2558000087738,4.54397010803223,4.34319019317627,..,..,..,..,..,..,..
"Government expenditure on education, total (% of GDP)",SE.XPD.TOTL.GD.ZS,Albania,ALB,..,3.4301700592041,3.43796992301941,3.96209001541138,3.61172008514404,3.08201370407389,3.87018990516663,3.325040102005,3.00555992126465,2.72976994514465,3.09153008460998,..
"Government expenditure on education, total (% of GDP)",SE.XPD.TOTL.GD.ZS,Algeria,DZA,..,..,6.17633014564047,6.50210843472458,5.73482350888796,5.8127512720176,5.57536563446523,6.19391724496515,5.51403281769924,4.74924673000603,5.61015717726636,..
"Government expenditure on education, total (% of GDP)",SE.XPD.TOTL.GD.ZS,American Samoa,ASM,..,..,..,..,..,..,..,..,..,..,..,..
"Government expenditure on education, total (% of GDP)",SE.XPD.TOTL.GD.ZS,Andorra,AND,..,..,3.28034996986389,3.23707008361816,3.21708989143372,3.2467200756073,3.15060997009277,2.63213046553066,2.381921736037,2.64727997779846,1.89867997169495,..
"Government expenditure on education, total (% of GDP)",SE.XPD.TOTL.GD.ZS,Angola,AGO,..,2.60753011703491,3.48689580393413,2.75493664582725,2.46687881104886,2.18351298946275,2.07306438181603,2.66744733689285,2.29719689513241,2.38535898416633,2.51273663315785,..
"Government expenditure on education, total (% of GDP)",SE.XPD.TOTL.GD.ZS,Antigua and Barbuda,ATG,..,..,1.9934755302761,2.17149931504636,2.28158315038897,2.26922708436893,3.35725653382563,3.0051830460864,2.50897393198865,2.50368755552383,3.10505161832136,..
"Government expenditure on education, total (% of GDP)",SE.XPD.TOTL.GD.ZS,Argentina,ARG,1.06737995147705,4.58030986785889,5.77611017227173,5.54548978805542,5.45431995391846,4.87773990631104,4.7716498374939,5.27689981460571,4.65393018722534,4.79263019561768,5.89754023690244,..
"Government expenditure on education, total (% of GDP)",SE.XPD.TOTL.GD.ZS,Armenia,ARM,..,2.77273011207581,2.80591011047363,2.75812005996704,2.70759010314941,2.11331180512289,2.15984239839771,2.70555996894836,2.76784992218018,2.4918999671936,2.43869996070862,..
"Government expenditure on education, total (% of GDP)",SE.XPD.TOTL.GD.ZS,Aruba,ABW,..,4.71468019485474,5.88826990127563,5.49136018753052,4.45581996127504,4.54876355243615,4.43503686776957,..,3.61855755636695,..,..,..
"Government expenditure on education, total (% of GDP)",SE.XPD.TOTL.GD.ZS,Australia,AUS,4.66683006286621,..,..,..,..,..,..,5.38625001907349,5.34109020233154,5.05916023254395,..,..
"Government expenditure on education, total (% of GDP)",SE.XPD.TOTL.GD.ZS,Austria,AUT,4.97674989700317,5.62036991119385,5.49144983291626,5.50954008102417,5.40181016921997,5.25437021255493,5.23678016662598,5.57961988449097,5.48071002960205,5.27748012542725,..,..
"Government expenditure on education, total (% of GDP)",SE.XPD.TOTL.GD.ZS,Azerbaijan,AZE,..,3.85399007797241,2.95167994499206,2.90340995788574,2.4738199710846,2.45543003082275,3.1764600276947,4.33204984664917,3.7020800113678,3.04690003395081,3.66400003433227,..
"Government expenditure on education, total (% of GDP)",SE.XPD.TOTL.GD.ZS,"Bahamas, The",BHS,..,2.23284006118774,2.2723175918231,2.58786212973921,2.69510162053495,2.49264112462151,2.62573176503127,3.7125229961238,3.04890655208507,2.62367021406169,2.74191570247934,..
"Government expenditure on education, total (% of GDP)",SE.XPD.TOTL.GD.ZS,Bahrain,BHR,..,..,2.55344009399414,2.80248290251154,2.21637010574341,2.38893976833662,2.11146982812491,2.05801907522052,1.85115940115918,1.71192127094005,1.88778167912993,..
"Government expenditure on education, total (% of GDP)",SE.XPD.TOTL.GD.ZS,Bangladesh,BGD,1.51911997795105,2.12508010864258,1.87225417109978,1.28183996677399,2.11342875356648,2.09477473545666,1.13094997406006,2.13974351741877,2.17090882504654,2.08538657806243,2.16213826344701,2.0343847791384
"Government expenditure on education, total (% of GDP)",SE.XPD.TOTL.GD.ZS,Barbados,BRB,..,4.71585988998413,5.15997517232471,4.19719982147217,3.956209897995,5.40447825597088,3.72228002548218,3.86529994010925,4.49793004989624,4.14000988006592,3.7754499912262,3.55593188106322
"Government expenditure on education, total (% of GDP)",SE.XPD.TOTL.GD.ZS,Belarus,BLR,..,6.19661998748779,4.78750991821289,4.94654989242554,4.79500007629395,4.83656978607178,4.97948980331421,4.86263990402222,4.60641002655029,4.62823009490967,4.9514799118042,..
"Government expenditure on education, total (% of GDP)",SE.XPD.TOTL.GD.ZS,Belgium,BEL,..,..,6.46963977813721,6.48613023757935,6.44915008544922,6.38883018493652,6.32381010055542,6.75470018386841,6.38112020492554,6.27796983718872,..,..
"Government expenditure on education, total (% of GDP)",SE.XPD.TOTL.GD.ZS,Belize,BLZ,..,3.68356990814209,5.35711002349854,5.72603988647461,5.95071983337402,6.12779998779297,5.96377992630005,5.21301984786987,5.96298980712891,4.60415983200073,4.23143005371094,4.62276317232973
"Government expenditure on education, total (% of GDP)",SE.XPD.TOTL.GD.ZS,Benin,BEN,..,2.11366009712219,3.17298007011414,2.89910006523132,3.53558993339539,2.93161988258362,2.73204741460628,2.89898431911618,3.09692638090381,3.0972642678305,3.22974322056608,..
"Government expenditure on education, total (% of GDP)",SE.XPD.TOTL.GD.ZS,Bermuda,BMU,3.13619995117188,..,1.50163996219635,2.03905874199287,1.32495999336243,1.93595466792564,1.92679827239971,1.74834797496856,1.94565325816336,1.77583338857166,1.86510440752276,..
"Government expenditure on education, total (% of GDP)",SE.XPD.TOTL.GD.ZS,Bhutan,BTN,..,5.78675985336304,6.92889022827148,6.40447998046875,6.6172399520874,6.47809982299805,4.50982783818663,5.46991778261464,6.5983860642268,7.46981980280053,5.84519004821777,..
"Government expenditure on education, total (% of GDP)",SE.XPD.TOTL.GD.ZS,Bolivia,BOL,..,..,8.14342975616455,8.15060997009277,8.09724044799805,8.01587009429932,8.09103965759277,8.43710994720459,7.96215009689331,7.57550001144409,8.31589071412357,..
"Government expenditure on education, total (% of GDP)",SE.XPD.TOTL.GD.ZS,Bosnia and Herzegovina,BIH,..,..,3.0181128667772,4.26451015472412,2.83868424239217,3.89297008514404,4.04449987411499,3.01954088371123,4.13622999191284,2.97012986426524,3.24564826597779,..
"Government expenditure on education, total (% of GDP)",SE.XPD.TOTL.GD.ZS,Botswana,BWA,5.73963022232056,..,8.39457941644674,8.73589296358928,7.80924443947392,7.9053860532971,8.3989966033446,8.05833660991541,..,..,..,..
"Government expenditure on education, total (% of GDP)",SE.XPD.TOTL.GD.ZS,Brazil,BRA,..,3.94893002510071,6.24105978012085,6.314040184021,6.32047986984253,6.08851003646851,5.96346998214722,5.77150011062622,5.4969801902771,5.61922979354858,..,..
"Government expenditure on education, total (% of GDP)",SE.XPD.TOTL.GD.ZS,British Virgin Islands,VGB,..,..,4.70450019836426,3.25467711875258,2.45708990097046,2.42555999755859,2.50096988677979,2.70538997650146,3.0245532067775,2.48401999473572,3.1728401184082,..
"Government expenditure on education, total (% of GDP)",SE.XPD.TOTL.GD.ZS,Brunei Darussalam,BRN,2.30816006660461,3.38460993766785,..,4.42539978027344,..,..,..,..,..,..,..,..
"Government expenditure on education, total (% of GDP)",SE.XPD.TOTL.GD.ZS,Bulgaria,BGR,4.45406007766724,..,..,..,4.07755994796753,4.05202007293701,4.21429014205933,4.48297023773193,4.7092399597168,4.50109004974365,..,..
"Government expenditure on education, total (% of GDP)",SE.XPD.TOTL.GD.ZS,Burkina Faso,BFA,..,..,3.67008996009827,..,5.62846994400024,5.488609790802,5.45615632520251,5.21148277030166,5.24913346712028,5.29456753304241,5.32757840997187,..
"Government expenditure on education, total (% of GDP)",SE.XPD.TOTL.GD.ZS,Burundi,BDI,3.35932993888855,2.64547991752625,6.37133979797363,4.69199991226196,4.76202011108398,5.07864999771118,5.34668445378401,5.32158506838731,4.87114173892375,..,..,..
"Government expenditure on education, total (% of GDP)",SE.XPD.TOTL.GD.ZS,Cabo Verde,CPV,..,..,4.80622005462646,4.75475978851318,4.59278011322021,4.78792270184537,4.16529989242554,7.09400702406662,6.15490303089284,4.7252554800722,4.3482854136693,..
"Government expenditure on education, total (% of GDP)",SE.XPD.TOTL.GD.ZS,Cambodia,KHM,..,1.64869999885559,..,..,..,1.60336995124817,2.13345387893978,2.2476462495972,1.96232691812756,1.95793279576416,2.1809128340295,..
"Government expenditure on education, total (% of GDP)",SE.XPD.TOTL.GD.ZS,Cameroon,CMR,3.28710007667542,1.70284998416901,2.65791988372803,2.56234002113342,3.05962991714477,3.03096008300781,3.0473994932468,3.10390139858492,2.8493076272306,2.65952378267367,2.83907623667935,..
"Government expenditure on education, total (% of GDP)",SE.XPD.TOTL.GD.ZS,Canada,CAN,5.96922016143799,5.42331981658935,4.7393798828125,4.81642007827759,4.95996999740601,4.8889799118042,4.77293014526367,4.88794994354248,4.74860000610352,4.88021993637085,..,..
"Government expenditure on education, total (% of GDP)",SE.XPD.TOTL.GD.ZS,Cayman Islands,CYM,..,..,..,..,..,2.16376945997106,1.13670003414154,1.45542001724243,1.31253004074097,1.48894000053406,1.57024002075195,..
"Government expenditure on education, total (% of GDP)",SE.XPD.TOTL.GD.ZS,Central African Republic,CAF,2.2441999912262,1.61265003681183,1.9102285875012,1.75408898250234,1.75365013911465,1.56587596817535,1.76792074637361,2.14468061163977,1.8725169173301,2.11509129476365,1.82995911310419,..
"Government expenditure on education, total (% of GDP)",SE.XPD.TOTL.GD.ZS,Chad,TCD,..,2.64670991897583,2.34283149521162,2.38847586229946,2.45481991767883,2.25947501392013,2.37245795383591,2.73960390423748,2.8881299495697,2.6016118897064,3.20149725837724,..
"Government expenditure on education, total (% of GDP)",SE.XPD.TOTL.GD.ZS,Channel Islands,CHI,..,..,..,..,..,..,..,..,..,..,..,..
"Government expenditure on education, total (% of GDP)",SE.XPD.TOTL.GD.ZS,Chile,CHL,2.25015997886658,3.75707006454468,4.90390014648438,5.3664698600769,5.43278980255127,5.473060131073,5.62630987167358,5.62993001937866,4.99923992156982,4.89753007888794,..,..
"Government expenditure on education, total (% of GDP)",SE.XPD.TOTL.GD.ZS,China,CHN,..,..,..,..,..,..,..,..,..,..,4.00127983093262,..
"Government expenditure on education, total (% of GDP)",SE.XPD.TOTL.GD.ZS,Colombia,COL,..,3.5112099647522,4.47038984298706,4.47721004486084,4.53551006317139,4.44910001754761,4.51069021224976,5.26166009902954,..,..,..,..
"Government expenditure on education, total (% of GDP)",SE.XPD.TOTL.GD.ZS,Comoros,COM,..,..,2.5450599193573,..,..,..,..,2.37805076679617,2.27485390045927,2.43164424110924,2.34146896682989,..
"Government expenditure on education, total (% of GDP)",SE.XPD.TOTL.GD.ZS,"Congo, Dem. Rep.",COD,..,..,2.17043995857239,2.1186900138855,1.45494997501373,..,..,2.62263835311571,2.66048474102788,2.84466514463005,..,..
"Government expenditure on education, total (% of GDP)",SE.XPD.TOTL.GD.ZS,"Congo, Rep.",COG,..,..,3.13882994651794,4.87114096878621,4.17236995697021,2.77167010307312,3.24716413970868,4.22208879466149,3.31281536274069,2.72738253259215,3.34005209256916,..
"Government expenditure on education, total (% of GDP)",SE.XPD.TOTL.GD.ZS,Costa Rica,CRI,..,4.66695022583008,6.87349987030029,6.89395999908447,7.06980991363525,6.76991987228394,6.73808002471924,6.62898015975952,6.24841976165771,..,..,..
"Government expenditure on education, total (% of GDP)",SE.XPD.TOTL.GD.ZS,Cote d'Ivoire,CIV,..,2.40031003952026,3.49412989616394,3.93593001365662,3.73654007911682,3.21164989471436,3.4130699634552,3.78674006462097,3.32718992233276,3.51197004318237,3.42617011070252,..
"Government expenditure on education, total (% of GDP)",SE.XPD.TOTL.GD.ZS,Croatia,HRV,..,..,..,..,3.87207007408142,3.92432999610901,3.94555997848511,4.40854978561401,4.0916600227356,..,..,..
"Government expenditure on education, total (% of GDP)",SE.XPD.TOTL.GD.ZS,Cuba,CUB,..,7.70481014251709,8.9633578559392,9.01309318032688,8.44413540438793,8.02498461098619,9.04700486137163,11.5248184008093,9.3858620562531,8.44086351669284,..,..
"Government expenditure on education, total (% of GDP)",SE.XPD.TOTL.GD.ZS,Curacao,CUW,..,..,5.95011209033324,6.23495389518939,5.91444785594951,5.93873270793721,5.81155632881729,7.11645238834347,6.18160236726664,6.08167033605813,5.30074159005788,5.44313725490196
"Government expenditure on education, total (% of GDP)",SE.XPD.TOTL.GD.ZS,Cyprus,CYP,3.33924007415771,4.98954010009766,6.30491018295288,6.11811017990112,5.69961977005005,..,5.16293001174927,5.56462001800537,5.08243989944458,4.73588991165161,..,..
"Government expenditure on education, total (% of GDP)",SE.XPD.TOTL.GD.ZS,Czechia,CZE,..,3.61999011039734,5.71913003921509,5.50080013275146,3.75573992729187,4.21541023254395,4.46737003326416,4.62503004074097,4.65163993835449,4.30291986465454,..,..
"Government expenditure on education, total (% of GDP)",SE.XPD.TOTL.GD.ZS,Denmark,DNK,..,8.09000015258789,..,7.71534013748169,7.3700098991394,7.32746982574463,7.27587985992432,7.38573980331421,6.95915985107422,6.35586977005005,..,..
"Government expenditure on education, total (% of GDP)",SE.XPD.TOTL.GD.ZS,Djibouti,DJI,..,9.65999984741211,3.59894990921021,3.92226004600525,3.73344993591309,3.75143003463745,..,..,..,..,..,..
"Government expenditure on education, total (% of GDP)",SE.XPD.TOTL.GD.ZS,Dominica,DMA,..,..,3.40711998939514,5.12971951862684,4.71605005720456,5.1536046272165,5.53449010848999,4.69630002975464,5.71689183034862,6.04314243406571,4.69423746286593,5.38572189060925
"Government expenditure on education, total (% of GDP)",SE.XPD.TOTL.GD.ZS,Dominican Republic,DOM,..,1.88829004764557,3.60400277306673,3.85049560792469,3.92026752279272,3.92849467476802,4.04276873126053,4.51769850778985,3.58043271614957,3.61088872070271,3.7606477375256,..
"Government expenditure on education, total (% of GDP)",SE.XPD.TOTL.GD.ZS,Ecuador,ECU,..,1.20265996456146,5.10570001602173,4.46397668804552,4.60667733499397,4.6250260585881,4.2457799911499,4.26103019714355,3.64776992797852,3.59897994995117,3.89365005493164,..
"Government expenditure on education, total (% of GDP)",SE.XPD.TOTL.GD.ZS,"Egypt, Arab Rep.",EGY,..,..,..,..,..,..,..,..,..,..,..,..
"Government expenditure on education, total (% of GDP)",SE.XPD.TOTL.GD.ZS,El Salvador,SLV,..,2.8386800289154,3.90987992286682,3.82523989677429,3.7252299785614,3.60575008392334,3.38710999488831,3.66088008880615,3.57766008377075,3.25634002685547,3.17218995094299,..
"Government expenditure on education, total (% of GDP)",SE.XPD.TOTL.GD.ZS,Equatorial Guinea,GNQ,..,..,..,..,..,..,..,..,..,..,..,..
"Government expenditure on education, total (% of GDP)",SE.XPD.TOTL.GD.ZS,Eritrea,ERI,..,..,..,..,..,..,..,..,..,..,..,..
"Government expenditure on education, total (% of GDP)",SE.XPD.TOTL.GD.ZS,Estonia,EST,..,5.33945989608765,5.05127000808716,5.05511999130249,4.86288022994995,5.13962984085083,5.16415023803711,5.44180011749268,5.21514987945557,5.20733976364136,..,..
"Government expenditure on education, total (% of GDP)",SE.XPD.TOTL.GD.ZS,Eswatini,SWZ,5.48457002639771,5.50848007202148,5.35494723006471,5.43355309210979,6.177914116856,5.73687354676617,5.69914824136892,5.32546270122803,5.28714899285221,5.57274175738511,5.00431592836751,6.03082905337534
"Government expenditure on education, total (% of GDP)",SE.XPD.TOTL.GD.ZS,Ethiopia,ETH,..,3.88614988327026,4.73791868878759,5.06151399998447,5.49905076025271,5.22011189522399,4.48086946127054,4.0905654220699,4.06524874309096,3.73649512188829,2.9272447768927,2.2978069565991
"Government expenditure on education, total (% of GDP)",SE.XPD.TOTL.GD.ZS,Faroe Islands,FRO,..,..,..,..,..,..,..,..,..,..,..,..
"Government expenditure on education, total (% of GDP)",SE.XPD.TOTL.GD.ZS,Fiji,FJI,..,5.87773990631104,4.80931781024695,4.83590249175322,4.65119160575452,4.79706049383602,5.15273175975853,5.80519512902055,4.8526862712935,3.93839539074194,4.24679790890603,..
"Government expenditure on education, total (% of GDP)",SE.XPD.TOTL.GD.ZS,Finland,FIN,5.33860015869141,5.71163988113403,7.07199001312256,6.90873003005981,6.40826988220215,6.31771993637085,6.45300006866455,6.6812801361084,6.58820009231567,6.37603998184204,..,..
"Government expenditure on education, total (% of GDP)",SE.XPD.TOTL.GD.ZS,France,FRA,4.5553297996521,..,..,..,5.46482992172241,5.42540979385376,5.36638021469116,5.65872001647949,5.41742992401123,5.32435989379883,..,..
"Government expenditure on education, total (% of GDP)",SE.XPD.TOTL.GD.ZS,French Polynesia,PYF,..,..,..,..,..,..,..,..,..,..,..,..
"Government expenditure on education, total (% of GDP)",SE.XPD.TOTL.GD.ZS,Gabon,GAB,..,3.82709002494812,2.82435985823512,2.66773089670199,3.55570801059931,3.071542956299,2.87430983233369,3.39874087928788,2.7007928993976,2.20773650357931,2.31594287726056,..
"Government expenditure on education, total (% of GDP)",SE.XPD.TOTL.GD.ZS,"Gambia, The",GMB,2.82583999633789,1.46587002277374,2.16002988815308,2.0244300365448,2.45919445096525,2.36543989181519,2.80809703332656,2.88734569797808,3.04477694635226,2.89168744551701,2.80838156544977,..
"Government expenditure on education, total (% of GDP)",SE.XPD.TOTL.GD.ZS,Georgia,GEO,..,2.18105006217956,3.10870368877345,3.52338004112244,3.52442002296448,3.46094989776611,3.82985997200012,3.80951130708125,3.59441995620727,3.75498008728027,3.70918011665344,3.98011682083814
"Government expenditure on education, total (% of GDP)",SE.XPD.TOTL.GD.ZS,Germany,DEU,..,..,4.76157999038696,4.74631023406982,4.77830982208252,4.88400983810425,5.02757978439331,5.51600980758667,5.36734008789062,5.23916006088257,..,..
"Government expenditure on education, total (% of GDP)",SE.XPD.TOTL.GD.ZS,Ghana,GHA,..,..,4.4340500831604,4.3945198059082,3.53362989425659,3.8861300945282,3.15307114842573,3.40915991351725,3.4005042684722,2.90963831638452,..,..
"Government expenditure on education, total (% of GDP)",SE.XPD.TOTL.GD.ZS,Gibraltar,GIB,..,..,..,..,..,..,..,..,..,..,..,..
"Government expenditure on education, total (% of GDP)",SE.XPD.TOTL.GD.ZS,Greece,GRC,2.07493996620178,3.35085010528564,3.68239998817444,..,3.46778011322021,3.57627010345459,3.55062007904053,..,..,3.37547993659973,..,..
"Government expenditure on education, total (% of GDP)",SE.XPD.TOTL.GD.ZS,Greenland,GRL,..,..,..,..,..,..,..,..,..,..,..,..
"Government expenditure on education, total (% of GDP)",SE.XPD.TOTL.GD.ZS,Grenada,GRD,..,..,4.23861035989182,..,3.17379999160767,3.55919341882594,..,..,4.09030334217367,4.03767284869161,5.12544845968893,..
"Government expenditure on education, total (% of GDP)",SE.XPD.TOTL.GD.ZS,Guam,GUM,..,..,..,..,..,..,..,..,..,..,..,..
"Government expenditure on education, total (% of GDP)",SE.XPD.TOTL.GD.ZS,Guatemala,GTM,..,..,3.03032994270325,2.94474005699158,2.95009994506836,3.13193988800049,3.19297003746033,3.29485011100769,3.091059923172,3.20823001861572,3.10633993148804,..
"Government expenditure on education, total (% of GDP)",SE.XPD.TOTL.GD.ZS,Guinea,GIN,..,1.7786500453949,2.51713991165161,2.54450011253357,2.3203399181366,2.38432002067566,1.85812997817993,2.44806003570557,2.04074820610586,2.00722302981184,1.72470879088585,..
"Government expenditure on education, total (% of GDP)",SE.XPD.TOTL.GD.ZS,Guinea-Bissau,GNB,..,..,..,..,..,..,..,..,..,..,..,..
"Government expenditure on education, total (% of GDP)",SE.XPD.TOTL.GD.ZS,Guyana,GUY,..,8.48414993286133,3.89569997787476,4.73775005340576,4.6647801399231,4.45058012008667,..,..,..,..,..,..
"Government expenditure on education, total (% of GDP)",SE.XPD.TOTL.GD.ZS,Haiti,HTI,..,..,1.85497999191284,1.38776004314423,1.49846994876862,1.63715994358063,1.08414978067408,1.11353641558643,1.24275181117048,1.02689812206798,0.964648012977964,..
"Government expenditure on education, total (% of GDP)",SE.XPD.TOTL.GD.ZS,Honduras,HND,..,..,6.41297006607056,6.09509492079297,5.74434396129576,6.05646991729736,5.98198266311593,6.09801328648889,5.88160201792279,4.48280030802056,4.54962037172702,..
"Government expenditure on education, total (% of GDP)",SE.XPD.TOTL.GD.ZS,"Hong Kong SAR, China",HKG,2.46608996391296,..,3.26212000846863,3.29269003868103,3.30989003181458,3.32624006271362,3.81017994880676,4.40562009811401,4.00030994415283,3.72866010665894,3.80327010154724,3.80804991722107
"Government expenditure on education, total (% of GDP)",SE.XPD.TOTL.GD.ZS,Hungary,HUN,5.43190002441406,4.86840009689331,4.49539995193481,4.61547994613647,4.64757013320923,4.62343978881836,4.22488021850586,4.1535701751709,4.68406009674072,3.81258988380432,..,..
"Government expenditure on education, total (% of GDP)",SE.XPD.TOTL.GD.ZS,Iceland,ISL,4.25862979888916,6.4314398765564,7.4579701423645,7.43219995498657,7.58385992050171,7.56349992752075,7.60129976272583,8.58382987976074,8.20907974243164,7.28923988342285,..,..
"Government expenditure on education, total (% of GDP)",SE.XPD.TOTL.GD.ZS,India,IND,..,4.32479000091553,4.11457014083862,4.25407981872559,4.30544996261597,4.36373996734619,3.89732003211975,4.29335021972656,4.62949991226196,4.09865814174589,..,..
"Government expenditure on education, total (% of GDP)",SE.XPD.TOTL.GD.ZS,Indonesia,IDN,..,..,3.58360004425049,1.21023452496964,1.05324382490056,0.994436460846179,0.964399077622927,1.01593221347809,1.03221750658374,0.863943349575907,1.27517088245674,..
"Government expenditure on education, total (% of GDP)",SE.XPD.TOTL.GD.ZS,"Iran, Islamic Rep.",IRN,3.77391004562378,4.03064012527466,2.62911009788513,3.17396998405456,3.45956993103027,3.61979007720947,3.24005007743835,3.20495009422302,..,2.6699800491333,2.82443290958712,..
"Government expenditure on education, total (% of GDP)",SE.XPD.TOTL.GD.ZS,Iraq,IRQ,..,..,..,..,..,..,..,..,..,..,..,..
"Government expenditure on education, total (% of GDP)",SE.XPD.TOTL.GD.ZS,Ireland,IRL,4.60056018829346,4.13225984573364,3.62438011169434,3.65882992744446,3.37737989425659,3.30347990989685,3.22984004020691,3.19163990020752,2.904629945755,..,..,..
"Government expenditure on education, total (% of GDP)",SE.XPD.TOTL.GD.ZS,Isle of Man,IMN,..,..,..,..,..,..,..,..,..,..,..,..
"Government expenditure on education, total (% of GDP)",SE.XPD.TOTL.GD.ZS,Israel,ISR,5.16932010650635,5.94367980957031,5.81091022491455,5.82047986984253,6.0248498916626,6.08776998519897,6.08409023284912,6.50303983688354,6.16908979415894,5.93496990203857,..,..
"Government expenditure on education, total (% of GDP)",SE.XPD.TOTL.GD.ZS,Italy,ITA,..,4.27994012832642,4.05422019958496,3.795490026474,4.02662992477417,4.24093008041382,4.07843017578125,4.41802978515625,4.17118978500366,4.0698299407959,..,..
"Government expenditure on education, total (% of GDP)",SE.XPD.TOTL.GD.ZS,Jamaica,JAM,4.7791600227356,4.98346996307373,5.45522022247315,5.31461000442505,5.26016998291016,5.41380977630615,5.16364002227783,5.38065828197341,5.63123989105225,5.35435009002685,5.65453693979426,5.51383018493652
"Government expenditure on education, total (% of GDP)",SE.XPD.TOTL.GD.ZS,Japan,JPN,..,3.46011996269226,3.31221008300781,3.14643001556396,3.13057994842529,3.07782006263733,3.15533995628357,3.30628991127014,3.33563995361328,..,..,..
"Government expenditure on education, total (% of GDP)",SE.XPD.TOTL.GD.ZS,Jordan,JOR,..,..,3.71272133351629,3.45282006263733,3.21305990219116,2.95461988449097,2.98846006393433,3.55303483980158,3.13837003707886,3.15300011634827,3.51486315596325,..
"Government expenditure on education, total (% of GDP)",SE.XPD.TOTL.GD.ZS,Kazakhstan,KAZ,..,3.25661993026733,2.7885799407959,2.97810006141663,2.75081992149353,2.61595010757446,2.8569700717926,4.44620380169618,4.38569397571466,4.36185360851405,4.84984016418457,..
"Government expenditure on education, total (% of GDP)",SE.XPD.TOTL.GD.ZS,Kenya,KEN,..,5.1867299079895,4.74350023269653,4.89518022537231,4.96308994293213,5.10761976242065,5.37359210998097,5.04574892454155,4.89040202257195,4.51101801829815,3.96229304413263,4.02242346098974
"Government expenditure on education, total (% of GDP)",SE.XPD.TOTL.GD.ZS,Kiribati,KIR,..,10.0424404144287,10.7683901960784,11.646473381295,11.4761649484536,12.9204194888179,14.5197413461539,16.2303756141975,13.9871516883117,14.7860312820513,16.39053,..
"Government expenditure on education, total (% of GDP)",SE.XPD.TOTL.GD.ZS,"Korea, Dem. People's Rep.",PRK,..,..,..,..,..,..,..,..,..,..,..,..
"Government expenditure on education, total (% of GDP)",SE.XPD.TOTL.GD.ZS,"Korea, Rep.",KOR,3.03873991966248,..,4.45423984527588,4.33309984207153,4.32823991775513,4.45807981491089,4.68465995788574,4.8017201423645,4.86627006530762,5.81446981430054,..,..
"Government expenditure on education, total (% of GDP)",SE.XPD.TOTL.GD.ZS,Kosovo,XKX,..,..,..,..,..,..,..,..,..,..,..,..
"Government expenditure on education, total (% of GDP)",SE.XPD.TOTL.GD.ZS,Kuwait,KWT,..,..,..,5.95593958839578,6.35444222156987,6.39165256830382,6.72789551402991,6.24513034913966,7.76246706467929,6.58236499988891,5.0262608311279,6.43592667889685
"Government expenditure on education, total (% of GDP)",SE.XPD.TOTL.GD.ZS,Kyrgyz Republic,KGZ,..,3.50838994979858,5.98550987243652,6.58615016937256,6.02618980407715,5.55267000198364,5.08025979995728,5.7331600189209,5.16667985916138,7.16884382244099,6.82694680798777,..
"Government expenditure on education, total (% of GDP)",SE.XPD.TOTL.GD.ZS,Lao PDR,LAO,..,1.50369000434876,2.73689787884215,2.77442976110388,2.49797261414021,2.33501229018316,2.12201393748998,1.91597273223857,1.85949176876536,1.46083440434069,1.23375160355741,..
"Government expenditure on education, total (% of GDP)",SE.XPD.TOTL.GD.ZS,Latvia,LVA,3.57779002189636,5.40854978561401,5.46670007705688,4.82350015640259,4.52905988693237,4.39430999755859,4.58675003051758,4.99749994277954,4.76752996444702,4.31920003890991,..,..
"Government expenditure on education, total (% of GDP)",SE.XPD.TOTL.GD.ZS,Lebanon,LBN,..,..,..,2.17820270841405,2.21606844423238,2.6165251225734,2.51957250612723,2.4354185601396,..,1.33151427628711,1.50416361108086,1.22490869993085
"Government expenditure on education, total (% of GDP)",SE.XPD.TOTL.GD.ZS,Lesotho,LSO,..,10.0915498733521,7.64272055728181,7.55247411216023,8.1553201675415,7.28360986709595,..,..,..,..,7.29011355590957,6.62253066096596
"Government expenditure on education, total (% of GDP)",SE.XPD.TOTL.GD.ZS,Liberia,LBR,..,..,2.11587468207978,2.11479684223088,2.66330003738403,2.50391006469727,2.16508193926132,2.13601415111746,2.4235999584198,2.2760960068702,2.2665256232687,..
"Government expenditure on education, total (% of GDP)",SE.XPD.TOTL.GD.ZS,Libya,LBY,..,..,..,..,..,..,..,..,..,..,..,..
"Government expenditure on education, total (% of GDP)",SE.XPD.TOTL.GD.ZS,Liechtenstein,LIE,..,..,..,..,..,..,..,..,..,..,..,..
"Government expenditure on education, total (% of GDP)",SE.XPD.TOTL.GD.ZS,Lithuania,LTU,..,..,4.21646022796631,4.01143980026245,3.81236004829407,3.85628008842468,3.9415500164032,4.47348022460938,4.23977994918823,4.25285005569458,..,..
"Government expenditure on education, total (% of GDP)",SE.XPD.TOTL.GD.ZS,Luxembourg,LUX,..,..,3.76792001724243,..,3.48645997047424,3.66211009025574,3.73606991767883,3.85349988937378,3.71989011764526,3.70599007606506,..,..
"Government expenditure on education, total (% of GDP)",SE.XPD.TOTL.GD.ZS,"Macao SAR, China",MAC,..,3.31438994407654,3.00247001647949,3.09952998161316,2.70949006080627,2.7334098815918,3.0654399394989,6.38948011398315,5.10697984695435,6.05706977844238,3.50183010101318,..
"Government expenditure on education, total (% of GDP)",SE.XPD.TOTL.GD.ZS,Madagascar,MDG,..,2.4386899471283,2.21011996269226,2.68719005584717,2.70137416707567,2.84409999847412,3.01338389897728,3.25443385103636,3.19807542117225,3.06772823003204,3.04770386693564,..
"Government expenditure on education, total (% of GDP)",SE.XPD.TOTL.GD.ZS,Malawi,MWI,2.24734997749329,3.60612988471985,3.85398006439209,3.28257989883423,2.76899003982544,3.32295989990234,..,..,..,2.74888371105811,..,..
"Government expenditure on education, total (% of GDP)",SE.XPD.TOTL.GD.ZS,Malaysia,MYS,..,5.9716100692749,4.89486980438232,4.75192022323608,4.6753101348877,4.47865009307861,4.15776014328003,3.91176009178162,4.26109393398867,3.49933781956284,3.51480007171631,..
"Government expenditure on education, total (% of GDP)",SE.XPD.TOTL.GD.ZS,Maldives,MDV,..,..,3.8685998916626,3.66123008728027,3.82268559882407,3.85681779847259,4.12356944795488,5.84760793108804,4.61379747500137,4.67344315449896,5.16706374664829,..
"Government expenditure on education, total (% of GDP)",SE.XPD.TOTL.GD.ZS,Mali,MLI,..,2.97156000137329,3.80152010917664,3.09477996826172,3.78976988792419,3.55817008018494,3.55504989624023,3.95445990562439,4.36370992660522,4.04512227529275,4.18465094218116,..
"Government expenditure on education, total (% of GDP)",SE.XPD.TOTL.GD.ZS,Malta,MLT,3.83141994476318,..,4.91352987289429,4.95570993423462,4.34281015396118,..,4.79941987991333,..,4.93089008331299,4.71973991394043,..,..
"Government expenditure on education, total (% of GDP)",SE.XPD.TOTL.GD.ZS,Marshall Islands,MHL,..,..,..,..,..,..,9.88208961486816,13.8350374540234,15.1824411727819,7.70088005065918,..,..
"Government expenditure on education, total (% of GDP)",SE.XPD.TOTL.GD.ZS,Mauritania,MRT,..,..,2.82956598871445,1.94405996799469,..,..,1.82317996025085,1.802649974823,1.891970038414,1.38966000080109,4.71521997451782,..
"Government expenditure on education, total (% of GDP)",SE.XPD.TOTL.GD.ZS,Mauritius,MUS,3.12822008132935,3.71903991699219,4.75847005844116,4.88207006454468,4.87887001037598,4.67447996139526,4.54195022583008,4.35243988037109,4.67151021957397,4.84085988998413,4.56763982772827,4.08979988098145
"Government expenditure on education, total (% of GDP)",SE.XPD.TOTL.GD.ZS,Mexico,MEX,2.32498002052307,3.80870008468628,5.05087995529175,4.75795984268188,4.39752006530762,4.13945007324219,..,4.49967002868652,4.23823022842407,4.0658597946167,..,..
"Government expenditure on education, total (% of GDP)",SE.XPD.TOTL.GD.ZS,"Micronesia, Fed. Sts.",FSM,..,6.70687007904053,12.407919883728,13.814728,12.6815821727019,9.94274464285714,10.6931682741117,11.5591397849462,..,..,..,..
"Government expenditure on education, total (% of GDP)",SE.XPD.TOTL.GD.ZS,Moldova,MDA,..,4.48639011383057,5.76665405944246,5.67208003997803,5.71016979217529,5.53887987136841,6.22576999664307,6.6012601852417,5.82405996322632,6.11053991317749,6.62547016143799,..
"Government expenditure on education, total (% of GDP)",SE.XPD.TOTL.GD.ZS,Monaco,MCO,..,1.25537002086639,..,1.37126004695892,1.45816004276276,..,1.15896999835968,..,1.41926002502441,1.17105996608734,1.73223996162415,..
"Government expenditure on education, total (% of GDP)",SE.XPD.TOTL.GD.ZS,Mongolia,MNG,..,5.55037021636963,4.22361993789673,5.18310022354126,4.06897020339966,..,..,..,..,..,3.65764999389648,..
"Government expenditure on education, total (% of GDP)",SE.XPD.TOTL.GD.ZS,Montenegro,MNE,..,..,..,..,..,..,..,..,..,..,..,..
"Government expenditure on education, total (% of GDP)",SE.XPD.TOTL.GD.ZS,Morocco,MAR,4.51048994064331,..,5.133369043677,5.08530197423073,4.73564982004448,4.96022713486949,5.0032567210502,6.28428263644307,5.64273401285138,5.91224674061277,6.02096928801329,..
"Government expenditure on education, total (% of GDP)",SE.XPD.TOTL.GD.ZS,Mozambique,MOZ,..,..,5.91515660575298,5.80086994171143,5.48664999008179,5.38976001739502,5.99969523584354,6.17059556957808,6.34063583505687,5.97607342054314,..,..
"Government expenditure on education, total (% of GDP)",SE.XPD.TOTL.GD.ZS,Myanmar,MMR,..,..,..,..,2.16652989387512,1.99249005317688,1.99976003170013,..,..,..,..,..
"Government expenditure on education, total (% of GDP)",SE.XPD.TOTL.GD.ZS,Namibia,NAM,..,6.901780128479,9.8507685020388,10.5927948535144,1.39524534605831,8.88112249415185,9.32253195522987,9.27799879073429,10.3914477380895,9.3919470845238,..,9.08440819434816
"Government expenditure on education, total (% of GDP)",SE.XPD.TOTL.GD.ZS,Nauru,NRU,..,..,6.25260294117647,4.82214626865672,6.27397517241379,5.05296627218935,5.71828171428571,5.90502903225807,5.16034,5.91827971698113,5.67543983459473,..
"Government expenditure on education, total (% of GDP)",SE.XPD.TOTL.GD.ZS,Nepal,NPL,..,2.9751501083374,3.25902009010315,3.90320992469788,4.76722002029419,4.43445014953613,3.89212886881753,4.24355670934502,4.42801034633091,4.13645081690396,3.95641148036706,3.68849173764595
"Government expenditure on education, total (% of GDP)",SE.XPD.TOTL.GD.ZS,Netherlands,NLD,5.22109985351562,4.58325004577637,5.27802991867065,5.38952016830444,5.08747005462646,5.26723003387451,5.0559401512146,5.29139995574951,5.37661981582642,5.17918014526367,..,..
"Government expenditure on education, total (% of GDP)",SE.XPD.TOTL.GD.ZS,New Caledonia,NCL,..,..,..,..,..,..,..,..,..,..,..,..
"Government expenditure on education, total (% of GDP)",SE.XPD.TOTL.GD.ZS,New Zealand,NZL,..,5.60442018508911,5.70734977722168,5.50559997558594,5.28000020980835,5.19308996200562,5.17797994613647,5.65149021148682,5.54822015762329,5.22557020187378,5.27568006515503,..
"Government expenditure on education, total (% of GDP)",SE.XPD.TOTL.GD.ZS,Nicaragua,NIC,..,3.00160002708435,4.07843017578125,4.08114004135132,4.35767984390259,4.47380693256251,4.59991969121332,4.58034059162685,4.08717467298944,3.80001496174069,2.86578989028931,..
"Government expenditure on education, total (% of GDP)",SE.XPD.TOTL.GD.ZS,Niger,NER,2.07436990737915,2.5650200843811,4.48669004440308,2.95843005180359,2.57818007469177,3.44956994056702,3.53358621816013,3.81906792754322,3.82175828133515,3.71231832079626,4.07412707618114,..
"Government expenditure on education, total (% of GDP)",SE.XPD.TOTL.GD.ZS,Nigeria,NGA,..,..,0.436954905120644,0.393045646249364,0.396354013591345,0.419998493796127,0.358479005206684,0.35963763718498,0.381919104397325,0.348516707890877,0.319069049792343,..
"Government expenditure on education, total (% of GDP)",SE.XPD.TOTL.GD.ZS,North Macedonia,MKD,..,..,..,..,..,..,..,..,..,..,..,..
"Government expenditure on education, total (% of GDP)",SE.XPD.TOTL.GD.ZS,Northern Mariana Islands,MNP,..,..,..,..,..,..,..,..,..,..,..,..
"Government expenditure on education, total (% of GDP)",SE.XPD.TOTL.GD.ZS,Norway,NOR,6.31036996841431,6.45934009552002,7.52334976196289,7.98444986343384,7.84598016738892,7.59563016891479,7.8645601272583,8.3728199005127,6.9602198600769,5.45586013793945,..,..
"Government expenditure on education, total (% of GDP)",SE.XPD.TOTL.GD.ZS,Oman,OMN,2.49228000640869,2.8045699596405,..,..,5.99594020843506,4.58565998077393,5.06363010406494,6.87768983840942,..,4.30123996734619,..,..
"Government expenditure on education, total (% of GDP)",SE.XPD.TOTL.GD.ZS,Pakistan,PAK,2.51680994033814,1.83782005310059,2.38609004020691,2.66804003715515,2.57616996765137,2.33216949688293,2.21492004394531,2.05718240718423,1.68746129213991,1.97300945756988,1.94658005237579,..
"Government expenditure on education, total (% of GDP)",SE.XPD.TOTL.GD.ZS,Palau,PLW,..,7.84434986114502,..,..,..,..,..,3.47118076238812,3.94417105804533,3.57620133415525,3.52595777106229,..
"Government expenditure on education, total (% of GDP)",SE.XPD.TOTL.GD.ZS,Panama,PAN,..,4.89397001266479,3.26552009582519,3.32278990745544,3.37834000587463,3.4524199962616,3.28122011579173,4.30487012863159,3.71198010444641,3.37781000137329,2.47225999832153,..
"Government expenditure on education, total (% of GDP)",SE.XPD.TOTL.GD.ZS,Papua New Guinea,PNG,..,..,1.62515691017505,0.853806396301458,1.96493005752563,1.8748300075531,0.761761143914634,0.898018542083257,0.713984905932403,0.643376920751815,0.782122804685732,..
"Government expenditure on education, total (% of GDP)",SE.XPD.TOTL.GD.ZS,Paraguay,PRY,1.04070997238159,4.2302098274231,3.33377822870463,3.4349799156189,3.09062070242279,3.2961960606943,3.48983027194334,3.93615007400513,3.41070008277893,3.39619994163513,3.40649008750915,..
"Government expenditure on education, total (% of GDP)",SE.XPD.TOTL.GD.ZS,Peru,PER,..,3.22802996635437,3.96933007240295,3.81316995620727,3.93130993843079,3.71392011642456,3.822429895401,4.25937986373901,3.92721009254456,3.83315992355347,4.23516988754272,..
"Government expenditure on education, total (% of GDP)",SE.XPD.TOTL.GD.ZS,Philippines,PHL,..,3.16440010070801,2.83052303785203,3.30128109042443,3.96384087403915,3.85502760745456,3.40748649142134,3.85829051308063,3.87249754784633,3.57960089528426,3.6236863467978,3.92501087473821
"Government expenditure on education, total (% of GDP)",SE.XPD.TOTL.GD.ZS,Poland,POL,..,4.96281003952026,4.78747987747192,4.62726020812988,4.54247999191284,4.55985021591187,4.62736988067627,4.80081987380981,4.61998987197876,4.31372976303101,..,..
"Government expenditure on education, total (% of GDP)",SE.XPD.TOTL.GD.ZS,Portugal,PRT,3.56972002983093,5.16384983062744,4.8942699432373,..,5.02685022354126,4.67940998077393,4.62753009796143,4.86408996582031,4.77342987060547,4.55159997940063,..,..
"Government expenditure on education, total (% of GDP)",SE.XPD.TOTL.GD.ZS,Puerto Rico (US),PRI,..,..,3.34032241682023,2.78358429967595,2.72538873126429,2.60388715714737,3.32791002069889,4.28663184360846,3.7296700261025,3.86129930773508,4.26898753959873,4.27101949674789
"Government expenditure on education, total (% of GDP)",SE.XPD.TOTL.GD.ZS,Qatar,QAT,..,3.72598004341125,..,..,2.96745991706848,..,2.80378007888794,3.2336699962616,..,..,..,..
"Government expenditure on education, total (% of GDP)",SE.XPD.TOTL.GD.ZS,Romania,ROU,..,2.86862993240356,3.10693001747131,3.0255401134491,3.11819005012512,3.31710004806519,3.55761003494263,3.57969999313354,3.31561994552612,3.2788200378418,..,..
"Government expenditure on education, total (% of GDP)",SE.XPD.TOTL.GD.ZS,Russian Federation,RUS,..,2.93979001045227,3.83402991294861,3.76044011116028,4.68990993499756,4.67819976806641,3.69561429198336,4.01641864383637,3.99480697864774,4.05402755323777,4.16454853394225,..
"Government expenditure on education, total (% of GDP)",SE.XPD.TOTL.GD.ZS,Rwanda,RWA,..,3.43418002128601,3.64711999893189,3.43483996391296,3.1247398853302,3.07375001907349,3.23821222605582,3.33309745728459,5.58984994888306,4.74623012542725,4.92004013061523,4.69134998321533
"Government expenditure on education, total (% of GDP)",SE.XPD.TOTL.GD.ZS,Samoa,WSM,..,3.63095998764038,4.42452121728174,3.98114991188049,4.18871569584785,4.47214854040471,4.58404753905646,4.50316850152178,5.2162847162306,6.15978780645853,6.1096302676416,5.45616637544294
"Government expenditure on education, total (% of GDP)",SE.XPD.TOTL.GD.ZS,San Marino,SMR,..,..,3.11914279579368,3.02697977142855,3.36997008323669,3.55516004562378,3.37969994544983,3.4246199131012,3.10892009735107,2.89753007888794,..,..
"Government expenditure on education, total (% of GDP)",SE.XPD.TOTL.GD.ZS,Sao Tome and Principe,STP,..,..,4.69794988632202,6.11515998840332,5.87489986419678,5.62454986572266,6.10573891896978,5.02931173372591,5.53985041124283,5.19392101712613,5.0288576428727,..
"Government expenditure on education, total (% of GDP)",SE.XPD.TOTL.GD.ZS,Saudi Arabia,SAU,..,5.90982007980347,..,..,..,..,..,..,..,..,5.11466979980469,..
"Government expenditure on education, total (% of GDP)",SE.XPD.TOTL.GD.ZS,Senegal,SEN,..,2.46335005760193,5.4563798904419,5.11309003829956,4.74007987976074,5.11019992828369,5.03527021408081,5.6869797706604,5.61201000213623,5.98753976821899,6.16277045366329,..
"Government expenditure on education, total (% of GDP)",SE.XPD.TOTL.GD.ZS,Serbia,SRB,..,..,..,3.50274991989136,3.56539011001587,3.43663001060486,3.45865988731384,..,3.14615988731384,3.08255004882812,3.40377998352051,..
"Government expenditure on education, total (% of GDP)",SE.XPD.TOTL.GD.ZS,Seychelles,SYC,..,..,4.91460990905762,4.0213098526001,3.34617325657655,3.59446940668662,3.5588555711461,4.18704837049316,4.86547351368626,3.65858904774836,4.45409960547034,..
"Government expenditure on education, total (% of GDP)",SE.XPD.TOTL.GD.ZS,Sierra Leone,SLE,..,4.94936990737915,3.21786273563993,1.86107003688812,2.97943997383118,4.46809005737305,4.65362977981567,5.35125017166138,5.59958982467651,4.91130018234253,2.62455277942046,..
"Government expenditure on education, total (% of GDP)",SE.XPD.TOTL.GD.ZS,Singapore,SGP,..,3.32130002975464,2.99161870509909,2.94466258946576,2.87916382421742,2.85660004615784,2.72951006889343,2.6869900226593,2.82470989227295,2.48891997337341,2.14826011657715,2.19099857819757
"Government expenditure on education, total (% of GDP)",SE.XPD.TOTL.GD.ZS,Sint Maarten (Dutch part),SXM,..,..,..,..,..,..,..,..,..,4.27420508508285,3.92363832601723,..
"Government expenditure on education, total (% of GDP)",SE.XPD.TOTL.GD.ZS,Slovak Republic,SVK,..,3.86823010444641,4.56416988372803,3.88375997543335,3.91876006126404,3.93534994125366,4.26779985427856,4.720290184021,4.71646976470947,4.65508985519409,..,..
"Government expenditure on education, total (% of GDP)",SE.XPD.TOTL.GD.ZS,Slovenia,SVN,..,..,4.95528984069824,4.84419012069702,4.82381010055542,4.97948980331421,4.93479013442993,5.41901016235352,5.39167022705078,5.28065013885498,..,..
"Government expenditure on education, total (% of GDP)",SE.XPD.TOTL.GD.ZS,Solomon Islands,SLB,..,..,..,..,..,..,..,9.64354620369343,8.33232704380039,8.48737829731105,8.29349080062944,..
"Government expenditure on education, total (% of GDP)",SE.XPD.TOTL.GD.ZS,"Somalia, Fed. Rep.",SOM,..,..,..,..,..,4.00990834307E-06,5.73281247182E-06,6.12054361034E-06,6.75308344309E-06,7.21674775437E-06,8.14262404011E-06,..
"Government expenditure on education, total (% of GDP)",SE.XPD.TOTL.GD.ZS,South Africa,ZAF,4.69767999649048,4.90881013870239,5.48285007476807,5.4442400932312,5.59867000579834,5.64401006698608,5.9115800857544,6.17067003250122,6.5551700592041,6.15599012374878,6.12346982955933,6.02110004425049
"Government expenditure on education, total (% of GDP)",SE.XPD.TOTL.GD.ZS,South Sudan,SSD,..,..,1.46555995941162,1.56539228959694,..,..,..,..,..,..,..,..
"Government expenditure on education, total (% of GDP)",SE.XPD.TOTL.GD.ZS,Spain,ESP,3.63618993759155,4.16786003112793,4.24902009963989,4.19328022003174,4.17845010757446,4.15046977996826,4.20255994796753,4.85116004943848,4.81315994262695,4.58553981781006,..,..
"Government expenditure on education, total (% of GDP)",SE.XPD.TOTL.GD.ZS,Sri Lanka,LKA,2.41092991828919,..,2.10998010635376,3.22929000854492,2.59316992759705,1.98781001567841,..,1.55792392223723,1.50650579603928,1.20397218661186,1.82774571561927,..
"Government expenditure on education, total (% of GDP)",SE.XPD.TOTL.GD.ZS,St. Kitts and Nevis,KNA,..,4.74038982391357,2.54938006401062,3.00076147453842,2.77100327979144,3.03524983830349,2.72889566429639,3.10568635584663,2.78379011154175,3.5579615526858,3.49726171629099,..
"Government expenditure on education, total (% of GDP)",SE.XPD.TOTL.GD.ZS,St. Lucia,LCA,..,..,3.88088011741638,5.2095799446106,3.6273152206015,3.33276009559631,3.27266001701355,3.61517000198364,5.86197746335882,4.64235019683838,2.74212002754211,3.84700018653403
"Government expenditure on education, total (% of GDP)",SE.XPD.TOTL.GD.ZS,St. Martin (French part),MAF,..,..,..,..,..,..,..,..,..,..,..,..
"Government expenditure on education, total (% of GDP)",SE.XPD.TOTL.GD.ZS,St. Vincent and the Grenadines,VCT,..,7.32787990570068,4.95614634835429,5.45265007019043,5.37974977493286,5.22357988357544,..,5.46376310406546,..,7.07575034584772,6.4582691706334,..
"Government expenditure on education, total (% of GDP)",SE.XPD.TOTL.GD.ZS,Sudan,SDN,..,1.01217997074127,..,..,..,..,..,..,..,..,..,..
"Government expenditure on education, total (% of GDP)",SE.XPD.TOTL.GD.ZS,Suriname,SUR,..,..,5.53479610522553,5.64051904970974,5.45861311514349,4.92259355761269,6.77857289012664,4.58425708265782,4.13154972947739,3.43460841988051,2.86623341491363,..
"Government expenditure on education, total (% of GDP)",SE.XPD.TOTL.GD.ZS,Sweden,SWE,5.21969985961914,6.7383599281311,7.49443006515503,7.63990020751953,7.63850021362305,7.69824981689453,7.66306018829346,7.95333003997803,7.60224008560181,7.31909990310669,..,..
"Government expenditure on education, total (% of GDP)",SE.XPD.TOTL.GD.ZS,Switzerland,CHE,4.39194011688232,4.65878009796143,4.99559020996094,4.98163986206055,5.01765012741089,4.93008995056152,5.01438999176025,5.27676010131836,5.03708982467651,4.92419004440308,..,..
"Government expenditure on education, total (% of GDP)",SE.XPD.TOTL.GD.ZS,Syrian Arab Republic,SYR,..,..,..,..,..,..,..,..,..,..,..,..
"Government expenditure on education, total (% of GDP)",SE.XPD.TOTL.GD.ZS,Tajikistan,TJK,..,2.32871007919311,4.96774005889893,5.73094142576332,5.54471764262202,5.38508736377556,5.48427628435415,5.13516829187823,4.38253082077599,5.39829770599001,5.43682120015444,..
"Government expenditure on education, total (% of GDP)",SE.XPD.TOTL.GD.ZS,Tanzania,TZA,1.4723299741745,..,4.19486548285076,4.10196721791864,4.4305100440979,3.69960999488831,3.59683638888648,3.23097255920833,3.11515335288784,3.2382450375764,3.25853222146531,3.15504437906936
"Government expenditure on education, total (% of GDP)",SE.XPD.TOTL.GD.ZS,Thailand,THA,..,5.25345993041992,3.86397622727286,3.76761756770937,3.46532147640365,3.19769395901619,3.02221411183282,3.15314171737183,2.98212428478268,2.61187022798634,2.52122219628772,..
"Government expenditure on education, total (% of GDP)",SE.XPD.TOTL.GD.ZS,Timor-Leste,TLS,..,..,8.46706962585449,8.12837982177734,7.17093992233276,6.848060131073,4.17968913742937,3.65287360437751,2.97389404101318,..,5.24052834781801,..
"Government expenditure on education, total (% of GDP)",SE.XPD.TOTL.GD.ZS,Togo,TGO,..,2.77644991874695,3.71097993850708,3.6624801158905,3.76526999473572,4.09162998199463,4.20164196626882,4.08528017372931,4.22702442483079,3.77811083266775,4.14281885166484,..
"Government expenditure on education, total (% of GDP)",SE.XPD.TOTL.GD.ZS,Tonga,TON,..,4.87807989120483,..,..,4.63626808288478,4.71514397196975,4.86170396202671,5.04883511346915,5.162544372426,5.31016278046634,..,..
"Government expenditure on education, total (% of GDP)",SE.XPD.TOTL.GD.ZS,Trinidad and Tobago,TTO,3.65412998199463,2.75565004348755,4.42459330779419,4.21428227509361,3.3293687903123,3.47141762674052,3.55386116245268,4.2576699256897,3.00432991981506,2.67331004142761,3.01114988327026,..
"Government expenditure on education, total (% of GDP)",SE.XPD.TOTL.GD.ZS,Tunisia,TUN,5.79086017608643,6.20196008682251,6.22044992446899,..,..,..,6.17373240410185,7.26507545467782,6.67984656240779,6.8049896073928,6.73398856321206,..
"Government expenditure on education, total (% of GDP)",SE.XPD.TOTL.GD.ZS,Turkiye,TUR,..,..,4.30550003051758,4.62773990631104,4.32368993759155,4.29729986190796,4.44776010513306,4.03382015228271,3.53787994384766,3.09572005271912,..,..
"Government expenditure on education, total (% of GDP)",SE.XPD.TOTL.GD.ZS,Turkmenistan,TKM,..,..,..,..,..,..,3.12054991722107,3.76267004013061,3.8489100933075,3.58004999160767,2.71291995048523,..
"Government expenditure on education, total (% of GDP)",SE.XPD.TOTL.GD.ZS,Turks and Caicos Islands,TCA,..,4.71883010864258,3.09325003623962,2.90744573120893,2.47278207606746,2.72622990608215,2.47054004669189,2.46213795190062,3.88573002815247,3.28261995315552,2.68765461969981,2.94998113247616
"Government expenditure on education, total (% of GDP)",SE.XPD.TOTL.GD.ZS,Tuvalu,TUV,6.98569011688232,..,..,..,..,..,..,14.5482776139014,15.5155119679441,13.7621912480198,12.8456897735596,..
"Government expenditure on education, total (% of GDP)",SE.XPD.TOTL.GD.ZS,Uganda,UGA,..,2.461669921875,2.32152009010315,2.13789010047913,2.25363993644714,2.13052010536194,2.30828081242322,2.57222181308255,2.63593612308533,2.56105027176925,..,..
"Government expenditure on education, total (% of GDP)",SE.XPD.TOTL.GD.ZS,Ukraine,UKR,..,4.02293014526367,5.33951727495092,5.00977993011475,5.41707992553711,5.3199200630188,5.44129991531372,5.38231992721558,5.14011001586914,..,..,..
"Government expenditure on education, total (% of GDP)",SE.XPD.TOTL.GD.ZS,United Arab Emirates,ARE,..,..,..,..,..,..,3.86020994186401,3.98417997360229,3.89403009414673,..,..,..
"Government expenditure on education, total (% of GDP)",SE.XPD.TOTL.GD.ZS,United Kingdom,GBR,4.05552005767822,4.01821994781494,5.55452013015747,5.42795991897583,5.45256996154785,5.20437002182007,5.26115989685059,5.43935012817383,5.90682983398438,..,..,..
"Government expenditure on education, total (% of GDP)",SE.XPD.TOTL.GD.ZS,United States,USA,..,..,4.93063020706177,4.78327989578247,5.09296989440918,4.89502000808716,4.95746994018555,5.39531993865967,5.42038011550903,..,..,..
"Government expenditure on education, total (% of GDP)",SE.XPD.TOTL.GD.ZS,Uruguay,URY,..,2.42254996299744,4.20636987686157,4.36420011520386,4.41787004470825,4.60361003875732,4.62833976745605,4.54292011260986,4.46065998077393,4.5073299407959,4.81125020980835,..
"Government expenditure on education, total (% of GDP)",SE.XPD.TOTL.GD.ZS,Uzbekistan,UZB,..,..,5.49444007873535,5.38089990615845,4.48249006271362,4.83589298172277,6.29534678547216,4.44021987915039,4.13580989837646,5.23477171022152,5.47287597270024,..
"Government expenditure on education, total (% of GDP)",SE.XPD.TOTL.GD.ZS,Vanuatu,VUT,..,7.0036301612854,5.60338020324707,7.67742589514444,4.5334300994873,8.60634669948001,1.77407002449036,2.17358994483948,10.1102406419734,10.7033456499063,7.58135986328125,..
"Government expenditure on education, total (% of GDP)",SE.XPD.TOTL.GD.ZS,"Venezuela, RB",VEN,2.44671010971069,..,..,..,..,..,..,..,..,..,0.0031300000846386,..
"Government expenditure on education, total (% of GDP)",SE.XPD.TOTL.GD.ZS,Viet Nam,VNM,..,..,3.41660449674943,3.46906995773315,3.41865686539527,3.29537010192871,3.08499832693462,3.21652900152514,2.94517488804327,2.88738689372749,..,..
"Government expenditure on education, total (% of GDP)",SE.XPD.TOTL.GD.ZS,Virgin Islands (U.S.),VIR,..,..,..,..,..,..,..,..,..,..,..,..
"Government expenditure on education, total (% of GDP)",SE.XPD.TOTL.GD.ZS,West Bank and Gaza,PSE,..,..,4.66321992874146,4.98296022415161,4.72153997421265,..,..,..,5.43442010879517,..,..,..
"Government expenditure on education, total (% of GDP)",SE.XPD.TOTL.GD.ZS,"Yemen, Rep.",YEM,..,9.66162967681885,..,..,..,..,..,..,..,..,..,..
"Government expenditure on education, total (% of GDP)",SE.XPD.TOTL.GD.ZS,Zambia,ZMB,..,1.78819000720978,4.62433004379272,3.74792003631592,3.72964000701904,4.73974990844727,4.4182401844799,3.94374100561712,3.11363465307753,3.65884092023983,4.07374933049157,..
"Government expenditure on education, total (% of GDP)",SE.XPD.TOTL.GD.ZS,Zimbabwe,ZWE,12.4542598724365,..,..,..,2.00339007377625,2.05048990249634,..,..,..,..,0.384771297211919,..
"Government expenditure on education, total (% of GDP)",SE.XPD.TOTL.GD.ZS,Africa Eastern and Southern,AFE,..,3.60612988471985,4.73791868878759,4.69199991226196,4.4305100440979,4.73974990844727,4.51140984355031,4.0905654220699,4.36837948133246,3.69766802106406,3.96229304413263,..
"Government expenditure on education, total (% of GDP)",SE.XPD.TOTL.GD.ZS,Africa Western and Central,AFW,..,2.46335005760193,3.13882994651794,2.61503545891771,3.29662990570068,3.0512515196534,3.0473994932468,3.39874087928788,3.09692638090381,2.89168744551701,3.21562023947166,..
"Government expenditure on education, total (% of GDP)",SE.XPD.TOTL.GD.ZS,Arab World,ARB,..,..,..,..,..,..,3.42433500289917,3.76860740670194,..,..,..,..
"Government expenditure on education, total (% of GDP)",SE.XPD.TOTL.GD.ZS,Caribbean small states,CSS,3.65412998199463,2.75565004348755,4.42459330779419,4.21428227509361,3.3293687903123,3.47141762674052,3.55386116245268,4.2576699256897,3.00432991981506,2.67331004142761,3.01114988327026,..
"Government expenditure on education, total (% of GDP)",SE.XPD.TOTL.GD.ZS,Central Europe and the Baltics,CEB,..,4.86840009689331,4.78747987747192,4.62726020812988,4.07755994796753,4.21541023254395,4.26779985427856,4.62503004074097,4.68406009674072,4.31646490097046,..,..
"Government expenditure on education, total (% of GDP)",SE.XPD.TOTL.GD.ZS,Early-demographic dividend,EAR,..,3.8178950548172,4.0238801240921,4.00170004367829,3.92578873061175,3.87057885099138,3.48983027194334,4.0905654220699,3.86070382057691,3.58951497077942,3.28934001922607,..
"Government expenditure on education, total (% of GDP)",SE.XPD.TOTL.GD.ZS,East Asia & Pacific,EAS,..,..,3.50010227049996,3.38517552407879,3.41865686539527,3.19769395901619,3.08499832693462,3.30628991127014,2.98212428478268,2.88738689372749,3.51480007171631,..
"Government expenditure on education, total (% of GDP)",SE.XPD.TOTL.GD.ZS,East Asia & Pacific (excluding high income),EAP,..,4.20893001556396,3.58360004425049,3.46906995773315,3.44198917089946,2.76635312459968,2.5778339953863,3.15314171737183,2.94517488804327,2.28490151187525,3.01801113400202,..
"Government expenditure on education, total (% of GDP)",SE.XPD.TOTL.GD.ZS,East Asia & Pacific (IDA & IBRD countries),TEA,..,4.20893001556396,3.58360004425049,3.46906995773315,3.44198917089946,2.76635312459968,2.5778339953863,3.15314171737183,2.94517488804327,2.28490151187525,3.01801113400202,..
"Government expenditure on education, total (% of GDP)",SE.XPD.TOTL.GD.ZS,Euro area,EMU,4.5553297996521,4.58325004577637,4.92477989196777,4.8338451385498,4.80105996131897,4.67940998077393,4.78116011619568,5.29139995574951,5.08243989944458,4.95753502845764,..,..
"Government expenditure on education, total (% of GDP)",SE.XPD.TOTL.GD.ZS,Europe & Central Asia,ECS,..,4.16786003112793,4.84088993072509,4.8338451385498,4.64757013320923,4.65081977844238,4.60705995559693,4.85689997673035,4.7092399597168,4.56856989860534,..,..
"Government expenditure on education, total (% of GDP)",SE.XPD.TOTL.GD.ZS,Europe & Central Asia (excluding high income),ECA,..,3.46928000450134,4.30550003051758,4.44612503051758,3.9677050113678,4.095134973526,4.04449987411499,4.38613486289978,4.13580989837646,3.66751503944397,3.70918011665344,..
"Government expenditure on education, total (% of GDP)",SE.XPD.TOTL.GD.ZS,Europe & Central Asia (IDA & IBRD countries),TEC,..,3.4301700592041,4.0697649717331,4.26451015472412,4.07755994796753,4.05202007293701,3.99502992630005,4.40854978561401,4.11373496055603,3.90450382025902,3.93686432529785,..
"Government expenditure on education, total (% of GDP)",SE.XPD.TOTL.GD.ZS,European Union,EUU,4.57794499397278,4.86840009689331,4.8942699432373,4.8338451385498,4.64757013320923,4.59164500236511,4.62736988067627,4.93079495429992,4.79329490661621,4.65508985519409,..,..
"Government expenditure on education, total (% of GDP)",SE.XPD.TOTL.GD.ZS,Fragile and conflict affected situations,FCS,..,..,3.2558000087738,2.95843005180359,3.05962991714477,2.77167010307312,3.14728181647774,3.37838750148121,3.14335470187693,..,2.33451767489177,..
"Government expenditure on education, total (% of GDP)",SE.XPD.TOTL.GD.ZS,Heavily indebted poor countries (HIPC),HPC,..,2.46335005760193,3.57062494754792,3.28257989883423,3.53558993339539,3.38626492023468,3.33011705158194,3.40915991351725,3.31281536274069,3.0972642678305,3.24413772101569,..
"Government expenditure on education, total (% of GDP)",SE.XPD.TOTL.GD.ZS,High income,HIC,..,4.65878009796143,4.77452993392944,4.79984998703003,4.68990993499756,4.62343978881836,4.62793493270874,4.87601995468139,4.79329490661621,4.65508985519409,..,..
"Government expenditure on education, total (% of GDP)",SE.XPD.TOTL.GD.ZS,IBRD only,IBD,..,3.84054005146027,4.21499490737915,4.25407981872559,3.96384087403915,3.99025737385251,3.94555997848511,4.30487012863159,4.04323350069167,3.59897994995117,3.64066817034714,..
"Government expenditure on education, total (% of GDP)",SE.XPD.TOTL.GD.ZS,IDA & IBRD total,IBT,..,3.24232494831085,3.83402991294861,3.85049560792469,3.75090503692627,3.75143003463745,3.75902209369218,4.01641864383637,3.76686919289078,3.5056539313726,3.42617011070252,..
"Government expenditure on education, total (% of GDP)",SE.XPD.TOTL.GD.ZS,IDA blend,IDB,..,2.40031003952026,3.31647992134094,4.40353549122142,3.73654007911682,3.03096008300781,3.33011705158194,3.71980683449924,3.14335470187693,2.72738253259215,3.34005209256916,..
"Government expenditure on education, total (% of GDP)",SE.XPD.TOTL.GD.ZS,IDA only,IDX,..,2.5650200843811,3.59894990921021,3.25593495368958,3.53460991382599,3.50387001037598,3.23821222605582,3.29376565416048,3.15661438703005,3.08249624893127,3.21562023947166,..
"Government expenditure on education, total (% of GDP)",SE.XPD.TOTL.GD.ZS,IDA total,IDA,..,2.51418507099152,3.49412989616394,3.35870993137359,3.53558993339539,3.32295989990234,3.24716413970868,3.37112868540092,3.15661438703005,3.06772823003204,3.22974322056608,..
"Government expenditure on education, total (% of GDP)",SE.XPD.TOTL.GD.ZS,Late-demographic dividend,LTE,..,3.85399007797241,4.47038984298706,4.36420011520386,4.41787004470825,4.4217050075531,4.26779985427856,4.44620380169618,4.4231769782443,4.31372976303101,4.00127983093262,..
"Government expenditure on education, total (% of GDP)",SE.XPD.TOTL.GD.ZS,Latin America & Caribbean,LCN,..,3.75707006454468,4.44749157539063,4.41408840162469,4.40769505500793,4.46145347505506,4.51069021224976,4.53030931019986,4.08717467298944,3.84722961564427,3.7606477375256,..
"Government expenditure on education, total (% of GDP)",SE.XPD.TOTL.GD.ZS,Latin America & Caribbean (excluding high income),LAC,..,3.65995502471924,4.7606348991394,4.47059336645318,4.46651506423951,4.46145347505506,4.51069021224976,4.54901954970835,4.08717467298944,3.83315992355347,3.82714889622862,..
"Government expenditure on education, total (% of GDP)",SE.XPD.TOTL.GD.ZS,Latin America & the Caribbean (IDA & IBRD countries),TLA,..,3.63414001464844,4.44749157539063,4.41408840162469,4.40769505500793,4.46145347505506,4.51069021224976,4.53030931019986,4.08717467298944,3.81658744264708,3.58356891251738,..
"Government expenditure on education, total (% of GDP)",SE.XPD.TOTL.GD.ZS,Least developed countries: UN classification,LDC,..,2.5650200843811,3.25902009010315,2.92876505851746,3.05208992958069,3.19835495948792,2.91074046615192,3.06497843916225,3.07085166362803,2.89168744551701,3.20149725837724,..
"Government expenditure on education, total (% of GDP)",SE.XPD.TOTL.GD.ZS,Low & middle income,LMY,..,3.24232494831085,3.75712072134646,3.83786775234949,3.73344993591309,3.69960999488831,3.57594314256335,3.91176009178162,3.64776992797852,3.44776888059898,3.51480007171631,..
"Government expenditure on education, total (% of GDP)",SE.XPD.TOTL.GD.ZS,Low income,LIC,..,2.64609491825104,3.23683137220686,2.68719005584717,2.76899003982544,3.19835495948792,3.23821222605582,3.29376565416048,3.5099168512537,2.97970783777452,..,..
"Government expenditure on education, total (% of GDP)",SE.XPD.TOTL.GD.ZS,Lower middle income,LMC,..,2.53544008731842,3.89557575464877,3.92909502983094,3.73344993591309,3.69960999488831,3.40748649142134,3.65287360437751,3.31281536274069,3.19562257696233,3.42617011070252,..
"Government expenditure on education, total (% of GDP)",SE.XPD.TOTL.GD.ZS,"Middle East, North Africa, Afghanistan & Pakistan",MEA,..,..,3.71272133351629,4.23311507701874,4.03832006454468,3.75143003463745,3.86020994186401,3.98417997360229,..,4.30123996734619,..,..
"Government expenditure on education, total (% of GDP)",SE.XPD.TOTL.GD.ZS,"Middle East, North Africa, Afghanistan & Pakistan (excluding high income)",MNA,..,..,3.71272133351629,3.92226004600525,3.73344993591309,..,..,..,..,..,..,..
"Government expenditure on education, total (% of GDP)",SE.XPD.TOTL.GD.ZS,"Middle East, North Africa, Afghanistan & Pakistan (IDA & IBRD)",TMN,..,..,3.65583562136325,3.68754005432129,3.59650993347168,3.61979007720947,3.24005007743835,3.55303483980158,..,3.15300011634827,3.51486315596325,..
"Government expenditure on education, total (% of GDP)",SE.XPD.TOTL.GD.ZS,Middle income,MIC,..,3.50979995727539,4.09650015830993,4.08114004135132,3.92578873061175,3.85502760745456,3.82985997200012,3.94374100561712,3.64776992797852,3.5056539313726,3.51486315596325,..
"Government expenditure on education, total (% of GDP)",SE.XPD.TOTL.GD.ZS,North America,NAC,5.96922016143799,5.42331981658935,4.83500504493714,4.79984998703003,5.02646994590759,4.89199995994568,4.86520004272461,5.14163494110107,5.08449006080627,4.88021993637085,..,..
"Government expenditure on education, total (% of GDP)",SE.XPD.TOTL.GD.ZS,Not classified,INX,..,..,..,..,..,..,..,..,..,..,..,..
"Government expenditure on education, total (% of GDP)",SE.XPD.TOTL.GD.ZS,OECD members,OED,4.57794499397278,4.66695022583008,4.93063020706177,4.8338451385498,4.86288022994995,4.8889799118042,4.94613003730774,5.29139995574951,5.12611985206604,4.99167513847351,..,..
"Government expenditure on education, total (% of GDP)",SE.XPD.TOTL.GD.ZS,Other small states,OSS,3.12822008132935,5.33945989608765,5.20310861907593,5.24433654170614,5.28924489021301,5.13962984085083,5.16293001174927,5.32546270122803,5.08243989944458,5.02409982681275,5.00431592836751,..
"Government expenditure on education, total (% of GDP)",SE.XPD.TOTL.GD.ZS,Pacific island small states,PSS,..,..,..,..,..,..,..,..,..,..,..,..
"Government expenditure on education, total (% of GDP)",SE.XPD.TOTL.GD.ZS,Post-demographic dividend,PST,4.5553297996521,4.86840009689331,4.91245007514954,4.94654989242554,4.89189004898071,4.88649487495423,4.94613003730774,5.28408002853394,5.08859992027283,4.99167513847351,..,..
"Government expenditure on education, total (% of GDP)",SE.XPD.TOTL.GD.ZS,Pre-demographic dividend,PRE,..,2.46250998973847,3.23683137220686,2.89910006523132,3.29760992527008,3.21164989471436,3.24716413970868,3.24270320512235,3.10528051699067,2.89168744551701,3.24413772101569,..
"Government expenditure on education, total (% of GDP)",SE.XPD.TOTL.GD.ZS,Small states,SST,3.39117503166199,4.52924990653992,5.05127000808716,5.05511999130249,4.87887001037598,4.90705490112305,4.85244011878967,4.83895129079956,4.87697505950928,4.84085988998413,4.78597787804789,..
"Government expenditure on education, total (% of GDP)",SE.XPD.TOTL.GD.ZS,South Asia,SAS,1.96502494812012,2.9751501083374,2.68450009822846,3.5662499666214,3.44930994510651,3.22925735140142,3.89212886881753,3.1916501133819,3.29945958568872,3.09202235990416,2.16213826344701,2.86143825839217
"Government expenditure on education, total (% of GDP)",SE.XPD.TOTL.GD.ZS,South Asia (IDA & IBRD),TSA,1.96502494812012,2.9751501083374,2.68450009822846,3.5662499666214,3.44930994510651,3.22925735140142,3.89212886881753,3.1916501133819,3.29945958568872,3.09202235990416,2.16213826344701,2.86143825839217
"Government expenditure on education, total (% of GDP)",SE.XPD.TOTL.GD.ZS,Sub-Saharan Africa,SSF,..,2.64609491825104,3.65860497951508,3.28257989883423,3.53558993339539,3.44956994056702,3.4130699634552,3.59794998906911,3.31281536274069,3.0972642678305,3.25853222146531,..
"Government expenditure on education, total (% of GDP)",SE.XPD.TOTL.GD.ZS,Sub-Saharan Africa (excluding high income),SSA,..,2.64547991752625,3.64711999893189,3.18867993354797,3.53460991382599,3.38626492023468,3.33011705158194,3.40915991351725,3.25544539195647,3.08249624893127,3.29929215701724,..
"Government expenditure on education, total (% of GDP)",SE.XPD.TOTL.GD.ZS,Sub-Saharan Africa (IDA & IBRD countries),TSS,..,2.64609491825104,3.65860497951508,3.28257989883423,3.53558993339539,3.44956994056702,3.4130699634552,3.59794998906911,3.31281536274069,3.0972642678305,3.25853222146531,..
"Government expenditure on education, total (% of GDP)",SE.XPD.TOTL.GD.ZS,Upper middle income,UMC,..,3.90146005153656,4.26455998420716,4.46397668804552,4.06897020339966,4.0339723740051,4.04363430268776,4.29654002189636,3.88806009292603,3.58951497077942,3.66082501411437,..
"Government expenditure on education, total (% of GDP)",SE.XPD.TOTL.GD.ZS,World,WLD,..,3.78288507461548,4.21646022796631,4.21428227509361,4.07755994796753,4.15046977996826,4.15776014328003,4.34224486351013,4.23262732662743,3.84722961564427,3.51483161383978,..
,,,,,,,,,,,,,,,
,,,,,,,,,,,,,,,
,,,,,,,,,,,,,,,
Data from database: World Development Indicators,,,,,,,,,,,,,,,
Last Updated: 10/07/2025,,,,,,,,,,,,,,,
